target,image_size,clean_num_obj,noise_num_obj,patch_num_obj,clean_num_human,noise_num_human,patch_num_human,clean_proparea_obj,noise_proparea_obj,patch_proparea_obj,clean_proparea_human,noise_proparea_human,patch_proparea_human,noise_box_coverage_prop,patch_box_coverage_prop,noise_grand_iou,patch_grand_iou
yolov2,369664,1138,1200,855,695,646,505,67.59234181296213,67.1100529724541,50.7411859054273,42.79922580793297,40.46286968651569,30.180598188470267,53.05525017313017,42.9884624956717,250.98206689538088,209.69410017764568
yolov3,369664,1396,1452,1383,808,756,778,70.6631368650885,70.95651372100488,65.23944722610183,43.939915691463156,42.48577084352702,40.37642074122489,54.6635052371884,51.53960894217448,260.6969273440532,241.5593974525491
ssd,90000,965,960,1265,672,666,948,73.7374462635274,75.68291758520905,74.05256191145216,45.97287799854193,47.07210893699496,46.06043568733431,55.97775555555558,53.04901111111108,259.0600117681611,248.6113598851478
